team1,team2,win
pet-cricket.pet-puppy.pet-swan.pet-dromedary,pet-mammoth.pet-none.pet-goat.pet-dodo,1
pet-rhino.pet-otter.pet-cricket.pet-turkey,pet-crab.pet-swan.pet-chicken.pet-dolphin,0
pet-camel.pet-whale.pet-rooster.pet-sloth,pet-hippo.pet-kangaroo.pet-caterpillar.pet-shrimp,1
pet-leopard.pet-rat.pet-otter.pet-dromedary,pet-kangaroo.pet-beaver.pet-bat.pet-rhino,0
pet-peacock.pet-cat.pet-otter.pet-rhino,pet-duck.pet-peacock.pet-poodle.pet-dromedary,0
pet-cat.pet-bison.pet-puppy.pet-tropical-fish,pet-puppy.pet-snake.pet-penguin.pet-mammoth,1
pet-rabbit.pet-ox.pet-squirrel.pet-rooster,pet-beaver.pet-flamingo.pet-none.pet-chicken,0
pet-fly.pet-eagle.pet-turtle.pet-rat,pet-elephant.pet-horse.pet-eagle.pet-hatching-chick,0
pet-gorilla.pet-shrimp.pet-crocodile.pet-beaver,pet-rat.pet-turkey.pet-bison.pet-fish,0
pet-gorilla.pet-bluebird.pet-dog.pet-gorilla,pet-turkey.pet-eagle.pet-tropical-fish.pet-blowfish,0
pet-elephant.pet-ox.pet-skunk.pet-fly,pet-fish.pet-rhino.pet-microbe.pet-rat,0
pet-microbe.pet-horse.pet-caterpillar.pet-bison,pet-puppy.pet-microbe.pet-ladybug.pet-gorilla,2
pet-beaver.pet-octopus.pet-sloth.pet-buffalo,pet-blowfish.pet-bat.pet-camel.pet-rat,0
pet-badger.pet-tropical-fish.pet-owl.pet-buffalo,pet-owl.pet-cow.pet-dolphin.pet-swan,1
pet-kangaroo.pet-dolphin.pet-snake.pet-dolphin,pet-hatching-chick.pet-spider.pet-sauropod.pet-whale,0
pet-ox.pet-cricket.pet-flamingo.pet-ladybug,pet-snake.pet-rat.pet-buffalo.pet-tabby-cat,1
pet-bat.pet-puppy.pet-peacock.pet-seal,pet-kangaroo.pet-deer.pet-bluebird.pet-bee,1
pet-cow.pet-buffalo.pet-rhino.pet-none,pet-monkey.pet-dolphin.pet-fish.pet-turkey,0
pet-lobster.pet-cat.pet-leopard.pet-snake,pet-scorpion.pet-chicken.pet-fly.pet-ox,1
pet-deer.pet-flamingo.pet-none.pet-tiger,pet-dromedary.pet-dirty-rat.pet-tabby-cat.pet-goat,0
pet-tyrannosaurus.pet-shrimp.pet-badger.pet-poodle,pet-ladybug.pet-pig.pet-cat.pet-rat,1
pet-tyrannosaurus.pet-fly.pet-sloth.pet-rabbit,pet-cow.pet-blowfish.pet-elephant.pet-crab,0
pet-lobster.pet-tropical-fish.pet-caterpillar.pet-lobster,pet-blowfish.pet-beetle.pet-bee.pet-otter,0
pet-bison.pet-boar.pet-ox.pet-fish,pet-ant.pet-octopus.pet-shrimp.pet-goat,1
pet-skunk.pet-llama.pet-fish.pet-dragon,pet-penguin.pet-dirty-rat.pet-eagle.pet-tabby-cat,2
pet-bat.pet-hippo.pet-none.pet-rhino,pet-bison.pet-llama.pet-skunk.pet-horse,1
pet-none.pet-caterpillar.pet-tabby-cat.pet-tyrannosaurus,pet-turkey.pet-ladybug.pet-llama.pet-bee,1
pet-seal.pet-beetle.pet-rabbit.pet-pig,pet-buffalo.pet-snail.pet-dodo.pet-microbe,2
pet-fish.pet-gorilla.pet-cow.pet-boar,pet-flamingo.pet-beaver.pet-deer.pet-octopus,0
pet-dog.pet-giraffe.pet-owl.pet-poodle,pet-seal.pet-leopard.pet-gorilla.pet-rooster,1
pet-flamingo.pet-mosquito.pet-cricket.pet-bee,pet-dolphin.pet-cow.pet-hatching-chick.pet-hedgehog,1
pet-rat.pet-caterpillar.pet-cow.pet-crocodile,pet-horse.pet-deer.pet-dragon.pet-camel,1
pet-shrimp.pet-hedgehog.pet-none.pet-flamingo,pet-sheep.pet-beaver.pet-swan.pet-whale,1
pet-buffalo.pet-dog.pet-cricket.pet-tiger,pet-rat.pet-dirty-rat.pet-pig.pet-skunk,2
pet-microbe.pet-swan.pet-horse.pet-mosquito,pet-sheep.pet-octopus.pet-fly.pet-monkey,1
pet-lobster.pet-dragon.pet-pig.pet-pig,pet-giraffe.pet-sloth.pet-giraffe.pet-spider,0
pet-duck.pet-dodo.pet-flamingo.pet-parrot,pet-sheep.pet-seal.pet-badger.pet-poodle,2
pet-mammoth.pet-snake.pet-goat.pet-blowfish,pet-dolphin.pet-snail.pet-crocodile.pet-crab,0
pet-chicken.pet-cow.pet-microbe.pet-monkey,pet-rabbit.pet-caterpillar.pet-snake.pet-cricket,1
pet-owl.pet-crocodile.pet-otter.pet-bluebird,pet-skunk.pet-dog.pet-boar.pet-chicken,1
pet-sloth.pet-lobster.pet-cow.pet-cat,pet-rhino.pet-leopard.pet-gorilla.pet-crab,1
pet-cricket.pet-octopus.pet-dolphin.pet-leopard,pet-kangaroo.pet-microbe.pet-bison.pet-beaver,0
pet-sheep.pet-tiger.pet-dolphin.pet-squirrel,pet-snail.pet-bison.pet-parrot.pet-dodo,0
pet-fish.pet-ladybug.pet-ox.pet-giraffe,pet-sauropod.pet-fly.pet-rhino.pet-none,1
pet-mammoth.pet-parrot.pet-cricket.pet-flamingo,pet-eagle.pet-duck.pet-parrot.pet-fly,1
pet-octopus.pet-puppy.pet-none.pet-parrot,pet-rat.pet-rabbit.pet-turkey.pet-rabbit,2
pet-bison.pet-puppy.pet-beaver.pet-cow,pet-bluebird.pet-goat.pet-bison.pet-turkey,1
pet-crocodile.pet-bison.pet-squirrel.pet-peacock,pet-mammoth.pet-ladybug.pet-elephant.pet-leopard,1
pet-fish.pet-microbe.pet-poodle.pet-hatching-chick,pet-microbe.pet-flamingo.pet-owl.pet-cricket,2
pet-parrot.pet-buffalo.pet-rhino.pet-giraffe,pet-camel.pet-mammoth.pet-monkey.pet-mammoth,2
pet-duck.pet-dodo.pet-spider.pet-caterpillar,pet-llama.pet-dromedary.pet-tyrannosaurus.pet-rhino,1
pet-buffalo.pet-monkey.pet-shrimp.pet-whale,pet-tropical-fish.pet-chicken.pet-beaver.pet-shrimp,0
pet-cat.pet-dodo.pet-dog.pet-bluebird,pet-flamingo.pet-gorilla.pet-rabbit.pet-turkey,1
pet-chicken.pet-deer.pet-owl.pet-fly,pet-bison.pet-squirrel.pet-dolphin.pet-octopus,0
pet-bluebird.pet-buffalo.pet-owl.pet-butterfly,pet-blowfish.pet-duck.pet-beetle.pet-dragon,2
pet-goat.pet-otter.pet-tabby-cat.pet-scorpion,pet-swan.pet-chicken.pet-puppy.pet-hatching-chick,0
pet-octopus.pet-worm.pet-whale.pet-dolphin,pet-mammoth.pet-camel.pet-dog.pet-none,0
pet-crab.pet-bee.pet-dromedary.pet-flamingo,pet-whale.pet-snail.pet-ladybug.pet-horse,1
pet-hatching-chick.pet-cricket.pet-rhino.pet-cat,pet-puppy.pet-dodo.pet-squirrel.pet-rooster,0
pet-goat.pet-bat.pet-dromedary.pet-sauropod,pet-bison.pet-beaver.pet-gorilla.pet-bat,1
pet-worm.pet-poodle.pet-snail.pet-camel,pet-crocodile.pet-bat.pet-beaver.pet-shrimp,1
pet-bee.pet-monkey.pet-hatching-chick.pet-rat,pet-otter.pet-hedgehog.pet-dirty-rat.pet-boar,1
pet-cricket.pet-penguin.pet-lobster.pet-hatching-chick,pet-scorpion.pet-dodo.pet-whale.pet-leopard,1
pet-rooster.pet-sheep.pet-beetle.pet-elephant,pet-flamingo.pet-crab.pet-blowfish.pet-scorpion,1
pet-microbe.pet-boar.pet-fish.pet-puppy,pet-bluebird.pet-bison.pet-parrot.pet-microbe,2
pet-squirrel.pet-bluebird.pet-buffalo.pet-turkey,pet-badger.pet-gorilla.pet-sauropod.pet-flamingo,1
pet-mammoth.pet-hippo.pet-otter.pet-bluebird,pet-bat.pet-crocodile.pet-tiger.pet-tabby-cat,2
pet-lobster.pet-crab.pet-monkey.pet-fly,pet-cat.pet-gorilla.pet-bison.pet-rhino,1
pet-blowfish.pet-seal.pet-snake.pet-mosquito,pet-leopard.pet-ant.pet-seal.pet-llama,0
pet-duck.pet-tyrannosaurus.pet-eagle.pet-llama,pet-turkey.pet-mammoth.pet-seal.pet-ladybug,0
pet-flamingo.pet-squirrel.pet-octopus.pet-crocodile,pet-tabby-cat.pet-monkey.pet-cricket.pet-monkey,0
pet-caterpillar.pet-ladybug.pet-mammoth.pet-dragon,pet-fly.pet-flamingo.pet-leopard.pet-owl,1
pet-snail.pet-crab.pet-skunk.pet-mammoth,pet-sheep.pet-dolphin.pet-hedgehog.pet-octopus,2
pet-sheep.pet-turkey.pet-buffalo.pet-bee,pet-chicken.pet-dragon.pet-bluebird.pet-llama,0
pet-hippo.pet-sauropod.pet-horse.pet-sloth,pet-squirrel.pet-horse.pet-dodo.pet-crab,0
pet-monkey.pet-dolphin.pet-turkey.pet-dromedary,pet-cricket.pet-butterfly.pet-horse.pet-none,0
pet-ox.pet-tropical-fish.pet-crab.pet-dodo,pet-dromedary.pet-eagle.pet-microbe.pet-fly,1
pet-skunk.pet-giraffe.pet-rooster.pet-flamingo,pet-swan.pet-goat.pet-blowfish.pet-badger,2
pet-horse.pet-goat.pet-octopus.pet-parrot,pet-dirty-rat.pet-scorpion.pet-rooster.pet-monkey,0
pet-puppy.pet-badger.pet-seal.pet-dolphin,pet-peacock.pet-fly.pet-llama.pet-kangaroo,1
pet-ant.pet-skunk.pet-cricket.pet-buffalo,pet-dodo.pet-badger.pet-owl.pet-dog,0
pet-cricket.pet-cat.pet-tiger.pet-camel,pet-rabbit.pet-turkey.pet-ant.pet-ladybug,0
pet-blowfish.pet-dog.pet-bee.pet-seal,pet-snake.pet-kangaroo.pet-ox.pet-ant,1
pet-deer.pet-bee.pet-dog.pet-fly,pet-hatching-chick.pet-pig.pet-sauropod.pet-turtle,0
pet-elephant.pet-sheep.pet-buffalo.pet-chicken,pet-worm.pet-ladybug.pet-microbe.pet-hippo,0
pet-parrot.pet-dromedary.pet-scorpion.pet-crocodile,pet-cricket.pet-bee.pet-swan.pet-snail,0
pet-ladybug.pet-elephant.pet-rat.pet-cricket,pet-tyrannosaurus.pet-dragon.pet-fly.pet-dodo,1
pet-fish.pet-lobster.pet-lobster.pet-ox,pet-deer.pet-llama.pet-tabby-cat.pet-kangaroo,1
pet-tyrannosaurus.pet-fly.pet-elephant.pet-ox,pet-whale.pet-crocodile.pet-mosquito.pet-fish,0
pet-butterfly.pet-dolphin.pet-butterfly.pet-giraffe,pet-turtle.pet-chicken.pet-blowfish.pet-ant,0
pet-worm.pet-boar.pet-pig.pet-tiger,pet-rat.pet-skunk.pet-tropical-fish.pet-giraffe,0
pet-fly.pet-mosquito.pet-rooster.pet-fish,pet-beaver.pet-spider.pet-snail.pet-rooster,0
pet-tabby-cat.pet-tiger.pet-bison.pet-rooster,pet-squirrel.pet-dolphin.pet-bluebird.pet-horse,0
pet-bison.pet-spider.pet-snake.pet-hedgehog,pet-flamingo.pet-ant.pet-snake.pet-beetle,0
pet-owl.pet-flamingo.pet-beaver.pet-elephant,pet-badger.pet-pig.pet-scorpion.pet-tabby-cat,0
pet-worm.pet-swan.pet-camel.pet-turtle,pet-crab.pet-flamingo.pet-sauropod.pet-cricket,1
pet-tiger.pet-snake.pet-whale.pet-snail,pet-turkey.pet-rhino.pet-tropical-fish.pet-badger,1
pet-crab.pet-whale.pet-dragon.pet-poodle,pet-deer.pet-seal.pet-mosquito.pet-poodle,1
pet-ox.pet-beetle.pet-buffalo.pet-flamingo,pet-chicken.pet-tropical-fish.pet-eagle.pet-rat,1
pet-scorpion.pet-ox.pet-cow.pet-caterpillar,pet-penguin.pet-skunk.pet-penguin.pet-blowfish,0
pet-turtle.pet-ant.pet-camel.pet-rhino,pet-buffalo.pet-hatching-chick.pet-none.pet-dragon,0
pet-tabby-cat.pet-spider.pet-cricket.pet-mosquito,pet-flamingo.pet-penguin.pet-llama.pet-chicken,1
pet-blowfish.pet-gorilla.pet-squirrel.pet-dromedary,pet-kangaroo.pet-dragon.pet-scorpion.pet-lobster,0
pet-camel.pet-beetle.pet-ladybug.pet-turkey,pet-chicken.pet-sheep.pet-eagle.pet-worm,1
pet-crocodile.pet-monkey.pet-hippo.pet-rabbit,pet-duck.pet-butterfly.pet-otter.pet-penguin,0
pet-cat.pet-cat.pet-elephant.pet-worm,pet-gorilla.pet-tabby-cat.pet-squirrel.pet-cricket,1
pet-tiger.pet-cricket.pet-elephant.pet-llama,pet-beaver.pet-boar.pet-rat.pet-beetle,1
pet-spider.pet-microbe.pet-rooster.pet-turkey,pet-tiger.pet-flamingo.pet-tyrannosaurus.pet-gorilla,1
pet-spider.pet-ladybug.pet-goat.pet-bluebird,pet-snake.pet-snail.pet-hippo.pet-dolphin,1
pet-tropical-fish.pet-mosquito.pet-buffalo.pet-turtle,pet-shrimp.pet-chicken.pet-turtle.pet-parrot,1
pet-cat.pet-beaver.pet-sauropod.pet-otter,pet-bee.pet-peacock.pet-blowfish.pet-mammoth,0
pet-otter.pet-llama.pet-snake.pet-pig,pet-hippo.pet-flamingo.pet-microbe.pet-seal,1
pet-badger.pet-bluebird.pet-dodo.pet-owl,pet-none.pet-fish.pet-dirty-rat.pet-monkey,0
pet-leopard.pet-none.pet-parrot.pet-dolphin,pet-turtle.pet-rabbit.pet-kangaroo.pet-spider,1
pet-mosquito.pet-seal.pet-llama.pet-buffalo,pet-hatching-chick.pet-hedgehog.pet-buffalo.pet-turtle,0
pet-hatching-chick.pet-turtle.pet-cat.pet-octopus,pet-bee.pet-elephant.pet-bluebird.pet-chicken,0
pet-poodle.pet-bee.pet-squirrel.pet-monkey,pet-rat.pet-ox.pet-snake.pet-fly,1
pet-dirty-rat.pet-swan.pet-caterpillar.pet-blowfish,pet-sauropod.pet-goat.pet-gorilla.pet-tiger,1
pet-goat.pet-mammoth.pet-cow.pet-dog,pet-turtle.pet-duck.pet-spider.pet-shrimp,0
pet-turtle.pet-ant.pet-worm.pet-cat,pet-whale.pet-dodo.pet-poodle.pet-blowfish,1
pet-sheep.pet-sheep.pet-crab.pet-snail,pet-gorilla.pet-snake.pet-peacock.pet-bluebird,1
pet-crocodile.pet-dirty-rat.pet-dragon.pet-seal,pet-ant.pet-pig.pet-snake.pet-ant,0
pet-whale.pet-rat.pet-caterpillar.pet-blowfish,pet-butterfly.pet-rat.pet-seal.pet-poodle,1
pet-boar.pet-lobster.pet-seal.pet-sloth,pet-dromedary.pet-tabby-cat.pet-otter.pet-bluebird,0
pet-gorilla.pet-hedgehog.pet-crocodile.pet-hatching-chick,pet-tyrannosaurus.pet-snake.pet-squirrel.pet-cat,2
pet-rhino.pet-bluebird.pet-leopard.pet-rabbit,pet-microbe.pet-snake.pet-parrot.pet-blowfish,0
pet-caterpillar.pet-parrot.pet-tiger.pet-peacock,pet-horse.pet-sauropod.pet-dog.pet-leopard,1
pet-horse.pet-poodle.pet-flamingo.pet-hippo,pet-dolphin.pet-snake.pet-giraffe.pet-cow,1
pet-otter.pet-scorpion.pet-rat.pet-sauropod,pet-whale.pet-turtle.pet-dirty-rat.pet-fly,1
pet-fish.pet-lobster.pet-ox.pet-cow,pet-sheep.pet-snail.pet-leopard.pet-dolphin,1
pet-poodle.pet-goat.pet-buffalo.pet-giraffe,pet-rhino.pet-seal.pet-gorilla.pet-pig,1
pet-duck.pet-rhino.pet-monkey.pet-mammoth,pet-elephant.pet-bluebird.pet-dodo.pet-llama,0
pet-seal.pet-rat.pet-fish.pet-deer,pet-puppy.pet-microbe.pet-caterpillar.pet-shrimp,0
pet-bee.pet-flamingo.pet-dog.pet-dolphin,pet-sheep.pet-ladybug.pet-pig.pet-monkey,0
pet-mammoth.pet-caterpillar.pet-flamingo.pet-eagle,pet-snail.pet-microbe.pet-eagle.pet-scorpion,0
pet-tiger.pet-elephant.pet-ladybug.pet-rhino,pet-ox.pet-sheep.pet-beetle.pet-gorilla,1
pet-elephant.pet-chicken.pet-spider.pet-bee,pet-squirrel.pet-worm.pet-leopard.pet-squirrel,2
pet-buffalo.pet-skunk.pet-dromedary.pet-rhino,pet-otter.pet-hatching-chick.pet-tyrannosaurus.pet-rat,0
pet-bison.pet-whale.pet-hippo.pet-elephant,pet-beetle.pet-horse.pet-sloth.pet-squirrel,0
pet-none.pet-monkey.pet-goat.pet-turtle,pet-hippo.pet-hedgehog.pet-tyrannosaurus.pet-sauropod,1
pet-mammoth.pet-dragon.pet-horse.pet-horse,pet-fly.pet-scorpion.pet-squirrel.pet-duck,0
pet-seal.pet-lobster.pet-parrot.pet-dog,pet-lobster.pet-bluebird.pet-dromedary.pet-beaver,0
pet-scorpion.pet-goat.pet-rat.pet-mosquito,pet-butterfly.pet-microbe.pet-hippo.pet-dromedary,0
pet-scorpion.pet-kangaroo.pet-crab.pet-crab,pet-rooster.pet-bee.pet-microbe.pet-duck,0
pet-bluebird.pet-bluebird.pet-giraffe.pet-buffalo,pet-shrimp.pet-squirrel.pet-eagle.pet-sloth,1
pet-sauropod.pet-hippo.pet-hippo.pet-fish,pet-tabby-cat.pet-rooster.pet-dirty-rat.pet-sloth,0
pet-eagle.pet-deer.pet-flamingo.pet-pig,pet-gorilla.pet-ladybug.pet-cow.pet-ox,1
pet-parrot.pet-dolphin.pet-dromedary.pet-turtle,pet-leopard.pet-sloth.pet-mammoth.pet-cow,1
pet-monkey.pet-dirty-rat.pet-puppy.pet-tropical-fish,pet-ladybug.pet-snail.pet-octopus.pet-dog,1
pet-monkey.pet-horse.pet-none.pet-boar,pet-owl.pet-none.pet-beaver.pet-worm,0
pet-cricket.pet-bison.pet-deer.pet-cricket,pet-squirrel.pet-peacock.pet-beaver.pet-cat,0
pet-duck.pet-tropical-fish.pet-dirty-rat.pet-butterfly,pet-microbe.pet-dirty-rat.pet-duck.pet-fish,0
pet-worm.pet-cat.pet-whale.pet-skunk,pet-turtle.pet-dolphin.pet-dodo.pet-dirty-rat,0
pet-shrimp.pet-turkey.pet-skunk.pet-leopard,pet-hedgehog.pet-parrot.pet-penguin.pet-turkey,0
pet-kangaroo.pet-cricket.pet-bat.pet-badger,pet-pig.pet-bluebird.pet-cat.pet-kangaroo,1
pet-beaver.pet-bat.pet-dirty-rat.pet-hedgehog,pet-whale.pet-dog.pet-tropical-fish.pet-snail,2
pet-shrimp.pet-snail.pet-rat.pet-sauropod,pet-swan.pet-boar.pet-scorpion.pet-goat,1
pet-fly.pet-cat.pet-poodle.pet-poodle,pet-pig.pet-beaver.pet-bluebird.pet-dragon,0
pet-tabby-cat.pet-fly.pet-sloth.pet-sloth,pet-llama.pet-crab.pet-butterfly.pet-penguin,0
pet-tabby-cat.pet-duck.pet-whale.pet-hedgehog,pet-poodle.pet-tyrannosaurus.pet-owl.pet-hippo,1
pet-caterpillar.pet-buffalo.pet-goat.pet-giraffe,pet-snail.pet-swan.pet-whale.pet-shrimp,0
pet-scorpion.pet-sheep.pet-gorilla.pet-kangaroo,pet-dodo.pet-fish.pet-cow.pet-octopus,0
pet-snail.pet-sauropod.pet-bee.pet-goat,pet-blowfish.pet-leopard.pet-ant.pet-duck,2
pet-dromedary.pet-fish.pet-buffalo.pet-deer,pet-poodle.pet-turkey.pet-sheep.pet-dirty-rat,0
pet-parrot.pet-rooster.pet-peacock.pet-ant,pet-crab.pet-bat.pet-boar.pet-mosquito,1
pet-tiger.pet-goat.pet-snail.pet-snake,pet-spider.pet-none.pet-bee.pet-worm,0
pet-eagle.pet-llama.pet-shrimp.pet-snail,pet-ant.pet-tiger.pet-buffalo.pet-cricket,0
pet-fly.pet-bison.pet-flamingo.pet-whale,pet-skunk.pet-elephant.pet-dolphin.pet-bison,0
pet-dodo.pet-otter.pet-none.pet-fish,pet-deer.pet-bat.pet-horse.pet-kangaroo,1
pet-snail.pet-swan.pet-owl.pet-camel,pet-lobster.pet-squirrel.pet-tyrannosaurus.pet-sloth,1
pet-mammoth.pet-gorilla.pet-fish.pet-spider,pet-llama.pet-ox.pet-horse.pet-puppy,0
pet-pig.pet-butterfly.pet-buffalo.pet-mosquito,pet-poodle.pet-snake.pet-leopard.pet-sauropod,1
pet-dog.pet-hippo.pet-gorilla.pet-mosquito,pet-fish.pet-fly.pet-dirty-rat.pet-turkey,0
pet-hatching-chick.pet-sheep.pet-dirty-rat.pet-monkey,pet-bat.pet-owl.pet-ox.pet-pig,1
pet-deer.pet-penguin.pet-giraffe.pet-seal,pet-crab.pet-seal.pet-badger.pet-puppy,0
pet-peacock.pet-fly.pet-rat.pet-tabby-cat,pet-goat.pet-ant.pet-hedgehog.pet-cricket,0
pet-dragon.pet-octopus.pet-shrimp.pet-dromedary,pet-ant.pet-bat.pet-penguin.pet-lobster,0
pet-caterpillar.pet-leopard.pet-dog.pet-beetle,pet-owl.pet-tiger.pet-beaver.pet-shrimp,2
pet-mammoth.pet-caterpillar.pet-goat.pet-goat,pet-skunk.pet-microbe.pet-giraffe.pet-sloth,0
pet-tabby-cat.pet-blowfish.pet-caterpillar.pet-dirty-rat,pet-rat.pet-skunk.pet-crab.pet-bee,1
pet-squirrel.pet-horse.pet-rooster.pet-chicken,pet-butterfly.pet-badger.pet-bluebird.pet-butterfly,1
pet-puppy.pet-tiger.pet-bluebird.pet-fly,pet-ox.pet-horse.pet-dragon.pet-fish,0
pet-sheep.pet-gorilla.pet-kangaroo.pet-eagle,pet-turtle.pet-dirty-rat.pet-seal.pet-tyrannosaurus,0
pet-tyrannosaurus.pet-none.pet-puppy.pet-owl,pet-giraffe.pet-whale.pet-bluebird.pet-goat,1
pet-leopard.pet-penguin.pet-deer.pet-fish,pet-badger.pet-fly.pet-hippo.pet-tyrannosaurus,1
pet-tiger.pet-giraffe.pet-cat.pet-poodle,pet-mammoth.pet-tropical-fish.pet-sloth.pet-beetle,1
pet-cricket.pet-microbe.pet-sheep.pet-dolphin,pet-rooster.pet-shrimp.pet-beetle.pet-bison,2
pet-fish.pet-badger.pet-badger.pet-owl,pet-lobster.pet-tropical-fish.pet-chicken.pet-tiger,1
pet-turtle.pet-camel.pet-cricket.pet-hippo,pet-fish.pet-rabbit.pet-crocodile.pet-tiger,1
pet-ant.pet-bison.pet-crab.pet-bison,pet-bat.pet-snake.pet-bee.pet-leopard,2
pet-spider.pet-monkey.pet-bee.pet-scorpion,pet-snail.pet-buffalo.pet-goat.pet-crocodile,1
pet-blowfish.pet-tiger.pet-snake.pet-ladybug,pet-peacock.pet-dog.pet-bison.pet-mammoth,0
pet-tiger.pet-octopus.pet-dirty-rat.pet-lobster,pet-fly.pet-turkey.pet-otter.pet-ox,1
pet-penguin.pet-kangaroo.pet-horse.pet-fly,pet-rhino.pet-mosquito.pet-caterpillar.pet-horse,0
pet-mosquito.pet-goat.pet-beaver.pet-ox,pet-none.pet-giraffe.pet-bison.pet-lobster,2
pet-seal.pet-buffalo.pet-snail.pet-bison,pet-tabby-cat.pet-bison.pet-none.pet-boar,1
pet-none.pet-deer.pet-pig.pet-tiger,pet-horse.pet-beetle.pet-ox.pet-squirrel,0
pet-spider.pet-mammoth.pet-microbe.pet-rooster,pet-hedgehog.pet-goat.pet-owl.pet-caterpillar,0
pet-crab.pet-duck.pet-eagle.pet-rooster,pet-microbe.pet-giraffe.pet-kangaroo.pet-turkey,0
pet-monkey.pet-lobster.pet-sheep.pet-puppy,pet-beaver.pet-rat.pet-caterpillar.pet-eagle,1
pet-mammoth.pet-seal.pet-spider.pet-lobster,pet-otter.pet-hedgehog.pet-octopus.pet-turtle,0
pet-rat.pet-scorpion.pet-skunk.pet-beetle,pet-otter.pet-snake.pet-spider.pet-puppy,0
pet-sauropod.pet-otter.pet-rhino.pet-octopus,pet-spider.pet-snake.pet-puppy.pet-cricket,0
pet-horse.pet-lobster.pet-whale.pet-cow,pet-turtle.pet-deer.pet-camel.pet-kangaroo,1
pet-skunk.pet-skunk.pet-puppy.pet-parrot,pet-leopard.pet-butterfly.pet-dolphin.pet-buffalo,1
pet-shrimp.pet-tiger.pet-snake.pet-goat,pet-bison.pet-llama.pet-turkey.pet-otter,0
pet-peacock.pet-beaver.pet-squirrel.pet-peacock,pet-otter.pet-hedgehog.pet-crocodile.pet-cat,1
pet-beaver.pet-snake.pet-deer.pet-bee,pet-fish.pet-bison.pet-blowfish.pet-squirrel,0
pet-penguin.pet-kangaroo.pet-whale.pet-ladybug,pet-dolphin.pet-bluebird.pet-octopus.pet-cat,1
pet-eagle.pet-blowfish.pet-dragon.pet-hippo,pet-sheep.pet-snail.pet-cow.pet-pig,0
pet-swan.pet-fly.pet-owl.pet-otter,pet-turkey.pet-whale.pet-sheep.pet-tropical-fish,0
pet-owl.pet-sloth.pet-lobster.pet-butterfly,pet-skunk.pet-hatching-chick.pet-parrot.pet-dirty-rat,0
pet-none.pet-skunk.pet-mammoth.pet-shrimp,pet-rooster.pet-sheep.pet-octopus.pet-tyrannosaurus,1
pet-rhino.pet-sheep.pet-turtle.pet-llama,pet-spider.pet-bat.pet-horse.pet-dragon,0
pet-eagle.pet-giraffe.pet-otter.pet-bat,pet-monkey.pet-swan.pet-mosquito.pet-beaver,0
pet-hippo.pet-shrimp.pet-kangaroo.pet-tabby-cat,pet-gorilla.pet-eagle.pet-monkey.pet-llama,1
pet-penguin.pet-buffalo.pet-monkey.pet-whale,pet-snail.pet-dirty-rat.pet-seal.pet-ox,2
pet-octopus.pet-dirty-rat.pet-tropical-fish.pet-sloth,pet-tropical-fish.pet-rabbit.pet-beetle.pet-tropical-fish,0
pet-shrimp.pet-turtle.pet-rat.pet-dodo,pet-crab.pet-dog.pet-seal.pet-mosquito,0
pet-snail.pet-flamingo.pet-crab.pet-chicken,pet-monkey.pet-boar.pet-ant.pet-dromedary,1
pet-tabby-cat.pet-cricket.pet-fish.pet-caterpillar,pet-swan.pet-skunk.pet-eagle.pet-dolphin,1
pet-boar.pet-peacock.pet-bee.pet-ox,pet-snail.pet-owl.pet-fish.pet-dirty-rat,0
pet-cow.pet-octopus.pet-swan.pet-boar,pet-rooster.pet-caterpillar.pet-beetle.pet-boar,0
pet-flamingo.pet-snake.pet-ant.pet-sheep,pet-dragon.pet-kangaroo.pet-sheep.pet-snail,0
pet-crab.pet-swan.pet-beetle.pet-monkey,pet-badger.pet-rat.pet-owl.pet-dirty-rat,0
pet-blowfish.pet-rhino.pet-seal.pet-snail,pet-blowfish.pet-gorilla.pet-cricket.pet-scorpion,2
pet-pig.pet-buffalo.pet-tyrannosaurus.pet-butterfly,pet-owl.pet-llama.pet-duck.pet-eagle,2
pet-owl.pet-camel.pet-penguin.pet-microbe,pet-poodle.pet-lobster.pet-boar.pet-camel,1
pet-bee.pet-gorilla.pet-kangaroo.pet-squirrel,pet-flamingo.pet-horse.pet-beaver.pet-poodle,0
pet-mammoth.pet-rhino.pet-dirty-rat.pet-rat,pet-worm.pet-seal.pet-ant.pet-beaver,0
pet-octopus.pet-worm.pet-deer.pet-tiger,pet-mosquito.pet-tropical-fish.pet-shrimp.pet-dragon,0
pet-hedgehog.pet-snail.pet-lobster.pet-goat,pet-mammoth.pet-fish.pet-cat.pet-caterpillar,1
pet-tyrannosaurus.pet-ox.pet-squirrel.pet-hatching-chick,pet-gorilla.pet-microbe.pet-tropical-fish.pet-fly,1
pet-dog.pet-beetle.pet-sloth.pet-spider,pet-squirrel.pet-scorpion.pet-rabbit.pet-sloth,0
pet-swan.pet-worm.pet-bee.pet-cricket,pet-ant.pet-monkey.pet-kangaroo.pet-seal,1
pet-lobster.pet-tropical-fish.pet-snake.pet-skunk,pet-worm.pet-rabbit.pet-deer.pet-tabby-cat,0
pet-crocodile.pet-leopard.pet-leopard.pet-turkey,pet-rabbit.pet-boar.pet-turtle.pet-rhino,0
pet-camel.pet-dirty-rat.pet-hedgehog.pet-seal,pet-spider.pet-rabbit.pet-deer.pet-turkey,1
pet-horse.pet-gorilla.pet-snake.pet-poodle,pet-worm.pet-tropical-fish.pet-boar.pet-skunk,0
pet-monkey.pet-penguin.pet-elephant.pet-crab,pet-beetle.pet-blowfish.pet-dog.pet-rhino,1
pet-sheep.pet-bison.pet-giraffe.pet-fish,pet-penguin.pet-llama.pet-goat.pet-crocodile,0
pet-rabbit.pet-bluebird.pet-bluebird.pet-hedgehog,pet-snail.pet-eagle.pet-puppy.pet-cricket,1
pet-boar.pet-giraffe.pet-rat.pet-butterfly,pet-dolphin.pet-none.pet-crab.pet-dromedary,0
pet-tropical-fish.pet-octopus.pet-dragon.pet-gorilla,pet-caterpillar.pet-hippo.pet-ladybug.pet-hippo,0
pet-beaver.pet-bat.pet-eagle.pet-puppy,pet-caterpillar.pet-mosquito.pet-bat.pet-elephant,0
pet-bat.pet-fly.pet-hatching-chick.pet-eagle,pet-kangaroo.pet-tyrannosaurus.pet-rhino.pet-bison,0
pet-squirrel.pet-ox.pet-bison.pet-dragon,pet-horse.pet-worm.pet-sauropod.pet-dog,0
pet-swan.pet-cow.pet-peacock.pet-beetle,pet-shrimp.pet-dragon.pet-scorpion.pet-tropical-fish,1
pet-whale.pet-dodo.pet-tropical-fish.pet-bison,pet-dirty-rat.pet-dolphin.pet-spider.pet-camel,0
pet-squirrel.pet-goat.pet-crab.pet-microbe,pet-goat.pet-ant.pet-giraffe.pet-deer,1
pet-hatching-chick.pet-beaver.pet-mosquito.pet-fly,pet-butterfly.pet-octopus.pet-worm.pet-cat,0
pet-fish.pet-ox.pet-leopard.pet-octopus,pet-none.pet-fly.pet-buffalo.pet-squirrel,1
pet-rat.pet-mosquito.pet-peacock.pet-butterfly,pet-dromedary.pet-butterfly.pet-puppy.pet-flamingo,0
pet-bison.pet-seal.pet-dragon.pet-rooster,pet-swan.pet-swan.pet-blowfish.pet-ant,0
pet-dolphin.pet-eagle.pet-leopard.pet-fish,pet-lobster.pet-sloth.pet-bat.pet-mosquito,0
pet-parrot.pet-hippo.pet-cricket.pet-puppy,pet-chicken.pet-lobster.pet-peacock.pet-hatching-chick,0
pet-shrimp.pet-bat.pet-poodle.pet-bee,pet-cat.pet-fly.pet-sloth.pet-snake,1
pet-dolphin.pet-rabbit.pet-hedgehog.pet-skunk,pet-flamingo.pet-beaver.pet-parrot.pet-gorilla,2
pet-hatching-chick.pet-octopus.pet-badger.pet-cat,pet-tyrannosaurus.pet-cricket.pet-flamingo.pet-dragon,1
pet-deer.pet-cow.pet-scorpion.pet-giraffe,pet-tyrannosaurus.pet-deer.pet-turtle.pet-whale,1
pet-rooster.pet-sheep.pet-rabbit.pet-goat,pet-snake.pet-snail.pet-poodle.pet-sheep,0
pet-swan.pet-leopard.pet-lobster.pet-turtle,pet-skunk.pet-dolphin.pet-owl.pet-sauropod,1
pet-bluebird.pet-hatching-chick.pet-crocodile.pet-sheep,pet-cow.pet-none.pet-penguin.pet-dog,0
pet-rabbit.pet-blowfish.pet-dirty-rat.pet-goat,pet-spider.pet-duck.pet-puppy.pet-octopus,2
pet-beaver.pet-mosquito.pet-monkey.pet-cow,pet-dragon.pet-bluebird.pet-tabby-cat.pet-tropical-fish,1
pet-buffalo.pet-dog.pet-seal.pet-llama,pet-peacock.pet-badger.pet-flamingo.pet-llama,0
pet-kangaroo.pet-horse.pet-ox.pet-caterpillar,pet-crocodile.pet-butterfly.pet-eagle.pet-boar,1
pet-bluebird.pet-rooster.pet-parrot.pet-none,pet-flamingo.pet-parrot.pet-squirrel.pet-otter,1
pet-mammoth.pet-shrimp.pet-rat.pet-pig,pet-goat.pet-tropical-fish.pet-spider.pet-monkey,0
pet-bat.pet-owl.pet-ox.pet-skunk,pet-dolphin.pet-llama.pet-bison.pet-dolphin,1
pet-puppy.pet-bat.pet-crocodile.pet-penguin,pet-microbe.pet-snake.pet-buffalo.pet-octopus,1
pet-tropical-fish.pet-pig.pet-owl.pet-cow,pet-blowfish.pet-spider.pet-turkey.pet-elephant,1
pet-ox.pet-otter.pet-buffalo.pet-duck,pet-poodle.pet-shrimp.pet-ant.pet-shrimp,0
pet-bee.pet-snake.pet-blowfish.pet-duck,pet-cricket.pet-otter.pet-caterpillar.pet-dodo,0
pet-dromedary.pet-giraffe.pet-tyrannosaurus.pet-none,pet-cricket.pet-penguin.pet-none.pet-leopard,2
pet-camel.pet-cat.pet-sloth.pet-deer,pet-camel.pet-badger.pet-squirrel.pet-mammoth,2
pet-duck.pet-octopus.pet-skunk.pet-hedgehog,pet-beetle.pet-eagle.pet-snail.pet-rooster,1
pet-rooster.pet-turkey.pet-monkey.pet-caterpillar,pet-cricket.pet-hedgehog.pet-snail.pet-lobster,0
pet-turtle.pet-otter.pet-owl.pet-cat,pet-sauropod.pet-duck.pet-dirty-rat.pet-beetle,1
pet-turkey.pet-beaver.pet-skunk.pet-tropical-fish,pet-whale.pet-swan.pet-mammoth.pet-fly,1
pet-spider.pet-snake.pet-cat.pet-kangaroo,pet-dragon.pet-dodo.pet-deer.pet-whale,1
pet-pig.pet-beetle.pet-penguin.pet-rhino,pet-duck.pet-blowfish.pet-chicken.pet-microbe,0
pet-bee.pet-tiger.pet-caterpillar.pet-buffalo,pet-tyrannosaurus.pet-bluebird.pet-lobster.pet-lobster,2
pet-bat.pet-sloth.pet-skunk.pet-spider,pet-buffalo.pet-skunk.pet-tabby-cat.pet-fish,1
pet-gorilla.pet-tiger.pet-parrot.pet-snail,pet-mammoth.pet-seal.pet-caterpillar.pet-peacock,1
pet-lobster.pet-ox.pet-bison.pet-sauropod,pet-giraffe.pet-cow.pet-otter.pet-caterpillar,0
pet-snail.pet-microbe.pet-crocodile.pet-elephant,pet-turtle.pet-snail.pet-kangaroo.pet-leopard,1
pet-shrimp.pet-crab.pet-dolphin.pet-dirty-rat,pet-peacock.pet-squirrel.pet-dog.pet-blowfish,2
pet-cricket.pet-hatching-chick.pet-parrot.pet-beetle,pet-camel.pet-cricket.pet-sloth.pet-penguin,1
pet-dodo.pet-eagle.pet-spider.pet-dog,pet-puppy.pet-fish.pet-ox.pet-rat,0
pet-hippo.pet-caterpillar.pet-dodo.pet-puppy,pet-gorilla.pet-crocodile.pet-dog.pet-leopard,1
pet-cricket.pet-cow.pet-bluebird.pet-ladybug,pet-ladybug.pet-rat.pet-bluebird.pet-otter,0
pet-eagle.pet-worm.pet-giraffe.pet-sheep,pet-ox.pet-eagle.pet-tiger.pet-octopus,0
pet-turtle.pet-spider.pet-cricket.pet-hatching-chick,pet-tyrannosaurus.pet-ant.pet-pig.pet-cow,1
pet-snail.pet-flamingo.pet-hippo.pet-dolphin,pet-rhino.pet-owl.pet-eagle.pet-goat,1
pet-worm.pet-sheep.pet-leopard.pet-ant,pet-chicken.pet-buffalo.pet-dragon.pet-eagle,1
pet-skunk.pet-sheep.pet-turtle.pet-parrot,pet-elephant.pet-monkey.pet-poodle.pet-camel,0
pet-worm.pet-ladybug.pet-squirrel.pet-flamingo,pet-spider.pet-eagle.pet-worm.pet-crab,1
pet-bison.pet-seal.pet-dirty-rat.pet-elephant,pet-tabby-cat.pet-tyrannosaurus.pet-rat.pet-sloth,0
pet-rat.pet-horse.pet-mosquito.pet-horse,pet-cricket.pet-rooster.pet-scorpion.pet-otter,2
pet-sauropod.pet-turtle.pet-sloth.pet-dromedary,pet-scorpion.pet-fly.pet-dragon.pet-tiger,1
pet-whale.pet-bat.pet-deer.pet-lobster,pet-bat.pet-pig.pet-duck.pet-goat,0
pet-goat.pet-caterpillar.pet-mosquito.pet-parrot,pet-skunk.pet-leopard.pet-deer.pet-worm,1
pet-hatching-chick.pet-seal.pet-otter.pet-blowfish,pet-puppy.pet-elephant.pet-mammoth.pet-fly,1
pet-worm.pet-tyrannosaurus.pet-sloth.pet-dromedary,pet-skunk.pet-snail.pet-tyrannosaurus.pet-snake,1
pet-fly.pet-penguin.pet-hedgehog.pet-squirrel,pet-kangaroo.pet-turkey.pet-badger.pet-blowfish,0
pet-gorilla.pet-microbe.pet-tropical-fish.pet-goat,pet-fish.pet-bluebird.pet-elephant.pet-leopard,0
pet-fish.pet-peacock.pet-mosquito.pet-peacock,pet-otter.pet-flamingo.pet-elephant.pet-llama,2
pet-fish.pet-sauropod.pet-skunk.pet-chicken,pet-penguin.pet-spider.pet-bison.pet-parrot,0
pet-flamingo.pet-ladybug.pet-ladybug.pet-whale,pet-camel.pet-monkey.pet-chicken.pet-dragon,1
pet-monkey.pet-hedgehog.pet-penguin.pet-monkey,pet-goat.pet-dodo.pet-whale.pet-chicken,1
pet-poodle.pet-shrimp.pet-tropical-fish.pet-pig,pet-tabby-cat.pet-buffalo.pet-scorpion.pet-fish,1
pet-chicken.pet-rat.pet-dromedary.pet-mammoth,pet-spider.pet-poodle.pet-cow.pet-llama,1
pet-gorilla.pet-rat.pet-puppy.pet-deer,pet-tropical-fish.pet-otter.pet-ox.pet-mosquito,0
pet-otter.pet-shrimp.pet-rhino.pet-none,pet-scorpion.pet-badger.pet-tyrannosaurus.pet-hippo,1
pet-rooster.pet-ox.pet-ox.pet-seal,pet-octopus.pet-bison.pet-seal.pet-deer,1
pet-octopus.pet-peacock.pet-hatching-chick.pet-spider,pet-octopus.pet-snake.pet-bison.pet-rat,1
pet-badger.pet-blowfish.pet-boar.pet-otter,pet-puppy.pet-hatching-chick.pet-boar.pet-bee,0
pet-skunk.pet-fish.pet-rat.pet-goat,pet-dromedary.pet-ladybug.pet-dirty-rat.pet-kangaroo,0
pet-ant.pet-otter.pet-rooster.pet-boar,pet-blowfish.pet-owl.pet-beaver.pet-pig,0
pet-duck.pet-flamingo.pet-whale.pet-swan,pet-sauropod.pet-tiger.pet-cat.pet-flamingo,1
pet-otter.pet-worm.pet-eagle.pet-poodle,pet-beetle.pet-dirty-rat.pet-dragon.pet-peacock,1
pet-giraffe.pet-none.pet-shrimp.pet-rat,pet-sloth.pet-bee.pet-parrot.pet-deer,1
pet-tropical-fish.pet-dolphin.pet-microbe.pet-lobster,pet-dirty-rat.pet-bison.pet-boar.pet-camel,1
pet-camel.pet-camel.pet-pig.pet-dragon,pet-hatching-chick.pet-spider.pet-caterpillar.pet-camel,0
pet-gorilla.pet-caterpillar.pet-sloth.pet-duck,pet-buffalo.pet-duck.pet-swan.pet-worm,0
pet-beaver.pet-hedgehog.pet-turkey.pet-boar,pet-scorpion.pet-puppy.pet-flamingo.pet-chicken,0
pet-goat.pet-dirty-rat.pet-beaver.pet-camel,pet-owl.pet-otter.pet-ladybug.pet-tropical-fish,0
pet-skunk.pet-beetle.pet-beaver.pet-turtle,pet-rat.pet-dragon.pet-llama.pet-deer,1
pet-ant.pet-cat.pet-eagle.pet-gorilla,pet-badger.pet-tyrannosaurus.pet-worm.pet-cricket,0
pet-flamingo.pet-dog.pet-bluebird.pet-hippo,pet-skunk.pet-otter.pet-mosquito.pet-pig,0
pet-ant.pet-seal.pet-owl.pet-badger,pet-hatching-chick.pet-spider.pet-dodo.pet-rooster,0
pet-leopard.pet-rabbit.pet-flamingo.pet-tiger,pet-rooster.pet-shrimp.pet-dromedary.pet-kangaroo,0
pet-tyrannosaurus.pet-flamingo.pet-squirrel.pet-goat,pet-beetle.pet-fish.pet-hedgehog.pet-owl,0
pet-deer.pet-dog.pet-mammoth.pet-lobster,pet-tabby-cat.pet-butterfly.pet-rooster.pet-scorpion,0
pet-squirrel.pet-chicken.pet-bison.pet-fish,pet-bee.pet-worm.pet-parrot.pet-otter,0
pet-rat.pet-dog.pet-camel.pet-butterfly,pet-shrimp.pet-kangaroo.pet-tropical-fish.pet-mosquito,0
pet-tyrannosaurus.pet-llama.pet-sauropod.pet-microbe,pet-pig.pet-tabby-cat.pet-worm.pet-dirty-rat,0
pet-microbe.pet-dolphin.pet-octopus.pet-badger,pet-parrot.pet-skunk.pet-hippo.pet-hedgehog,2
pet-scorpion.pet-seal.pet-butterfly.pet-tyrannosaurus,pet-fish.pet-blowfish.pet-bison.pet-gorilla,2
pet-buffalo.pet-squirrel.pet-squirrel.pet-hedgehog,pet-chicken.pet-squirrel.pet-goat.pet-scorpion,0
pet-giraffe.pet-shrimp.pet-elephant.pet-leopard,pet-turtle.pet-rat.pet-goat.pet-shrimp,2
pet-scorpion.pet-monkey.pet-snail.pet-none,pet-rabbit.pet-turkey.pet-buffalo.pet-bison,1
pet-monkey.pet-gorilla.pet-tiger.pet-whale,pet-cow.pet-none.pet-kangaroo.pet-tabby-cat,0
pet-scorpion.pet-tropical-fish.pet-dodo.pet-tyrannosaurus,pet-cat.pet-butterfly.pet-peacock.pet-poodle,2
pet-fly.pet-bat.pet-parrot.pet-parrot,pet-penguin.pet-puppy.pet-caterpillar.pet-parrot,0
pet-shrimp.pet-sheep.pet-tiger.pet-ox,pet-giraffe.pet-rabbit.pet-ox.pet-pig,0
pet-kangaroo.pet-butterfly.pet-seal.pet-fly,pet-fish.pet-rat.pet-rhino.pet-duck,0
pet-monkey.pet-turkey.pet-microbe.pet-lobster,pet-owl.pet-sheep.pet-bluebird.pet-rabbit,1
pet-bee.pet-snake.pet-dirty-rat.pet-tyrannosaurus,pet-elephant.pet-hedgehog.pet-squirrel.pet-buffalo,0
pet-fly.pet-whale.pet-octopus.pet-tropical-fish,pet-blowfish.pet-sloth.pet-bison.pet-tabby-cat,0
pet-elephant.pet-octopus.pet-camel.pet-crocodile,pet-turtle.pet-parrot.pet-cat.pet-caterpillar,0
pet-tiger.pet-seal.pet-turtle.pet-hippo,pet-ladybug.pet-beaver.pet-dog.pet-horse,0
pet-beetle.pet-tiger.pet-flamingo.pet-pig,pet-dragon.pet-octopus.pet-hippo.pet-deer,1
pet-crocodile.pet-butterfly.pet-tabby-cat.pet-bluebird,pet-rooster.pet-crab.pet-parrot.pet-tabby-cat,0
pet-sauropod.pet-rabbit.pet-crocodile.pet-tyrannosaurus,pet-sloth.pet-hedgehog.pet-elephant.pet-bee,0
pet-gorilla.pet-goat.pet-dog.pet-rooster,pet-leopard.pet-mosquito.pet-seal.pet-hedgehog,2
pet-puppy.pet-horse.pet-butterfly.pet-shrimp,pet-swan.pet-beaver.pet-mosquito.pet-gorilla,1
pet-scorpion.pet-tiger.pet-parrot.pet-kangaroo,pet-hedgehog.pet-scorpion.pet-pig.pet-beaver,0
pet-camel.pet-spider.pet-mammoth.pet-spider,pet-beetle.pet-pig.pet-cat.pet-hatching-chick,0
pet-ladybug.pet-gorilla.pet-cat.pet-otter,pet-goat.pet-llama.pet-dragon.pet-hippo,1
pet-tropical-fish.pet-blowfish.pet-fly.pet-ant,pet-chicken.pet-shrimp.pet-peacock.pet-gorilla,0
pet-bluebird.pet-ox.pet-squirrel.pet-elephant,pet-ladybug.pet-camel.pet-buffalo.pet-snake,1
pet-cricket.pet-caterpillar.pet-bat.pet-penguin,pet-turkey.pet-turtle.pet-caterpillar.pet-camel,1
pet-eagle.pet-squirrel.pet-dolphin.pet-none,pet-horse.pet-crab.pet-squirrel.pet-sauropod,0
pet-snail.pet-parrot.pet-tiger.pet-poodle,pet-swan.pet-turtle.pet-giraffe.pet-swan,2
pet-pig.pet-chicken.pet-lobster.pet-crocodile,pet-fish.pet-hedgehog.pet-boar.pet-penguin,2
pet-dirty-rat.pet-dragon.pet-elephant.pet-bat,pet-caterpillar.pet-buffalo.pet-kangaroo.pet-beaver,0
pet-sheep.pet-octopus.pet-bison.pet-goat,pet-boar.pet-deer.pet-dirty-rat.pet-tropical-fish,1
pet-worm.pet-flamingo.pet-whale.pet-blowfish,pet-cricket.pet-deer.pet-squirrel.pet-fly,1
pet-sheep.pet-tabby-cat.pet-mammoth.pet-goat,pet-ant.pet-tyrannosaurus.pet-cricket.pet-squirrel,0
pet-hippo.pet-hippo.pet-skunk.pet-leopard,pet-snail.pet-worm.pet-ladybug.pet-turkey,0
pet-mosquito.pet-fly.pet-rooster.pet-bluebird,pet-pig.pet-mammoth.pet-shrimp.pet-giraffe,0
pet-scorpion.pet-otter.pet-gorilla.pet-buffalo,pet-none.pet-sheep.pet-penguin.pet-tropical-fish,0
pet-mosquito.pet-deer.pet-ladybug.pet-eagle,pet-fish.pet-elephant.pet-tiger.pet-turtle,0
pet-crocodile.pet-elephant.pet-sauropod.pet-dodo,pet-bison.pet-dog.pet-snake.pet-bluebird,0
pet-kangaroo.pet-parrot.pet-beaver.pet-none,pet-mosquito.pet-duck.pet-otter.pet-fish,1
pet-llama.pet-dromedary.pet-tyrannosaurus.pet-camel,pet-llama.pet-scorpion.pet-ladybug.pet-turkey,0
pet-cow.pet-snake.pet-flamingo.pet-ox,pet-spider.pet-spider.pet-pig.pet-hatching-chick,0
pet-leopard.pet-blowfish.pet-cricket.pet-badger,pet-horse.pet-cat.pet-peacock.pet-microbe,0
pet-bluebird.pet-gorilla.pet-flamingo.pet-leopard,pet-swan.pet-bison.pet-parrot.pet-dog,0
pet-bluebird.pet-mammoth.pet-owl.pet-poodle,pet-swan.pet-microbe.pet-seal.pet-eagle,1
pet-bee.pet-sloth.pet-turkey.pet-rooster,pet-bison.pet-eagle.pet-dragon.pet-camel,1
pet-swan.pet-hippo.pet-cat.pet-caterpillar,pet-blowfish.pet-none.pet-bluebird.pet-duck,0
pet-rat.pet-leopard.pet-leopard.pet-dog,pet-none.pet-seal.pet-penguin.pet-seal,0
pet-swan.pet-sheep.pet-llama.pet-mosquito,pet-butterfly.pet-ladybug.pet-goat.pet-beaver,2
pet-snail.pet-giraffe.pet-gorilla.pet-buffalo,pet-blowfish.pet-bison.pet-flamingo.pet-tabby-cat,0
pet-cat.pet-squirrel.pet-skunk.pet-duck,pet-blowfish.pet-turkey.pet-rhino.pet-horse,1
pet-fish.pet-tropical-fish.pet-caterpillar.pet-shrimp,pet-cow.pet-tiger.pet-shrimp.pet-ox,1
pet-giraffe.pet-monkey.pet-dragon.pet-peacock,pet-dodo.pet-gorilla.pet-hedgehog.pet-cat,1
pet-horse.pet-caterpillar.pet-elephant.pet-hippo,pet-tyrannosaurus.pet-shrimp.pet-whale.pet-sloth,1
pet-goat.pet-swan.pet-sauropod.pet-tiger,pet-rhino.pet-camel.pet-butterfly.pet-microbe,1
pet-otter.pet-mammoth.pet-turkey.pet-dirty-rat,pet-none.pet-turtle.pet-gorilla.pet-snail,1
pet-caterpillar.pet-crab.pet-dirty-rat.pet-dog,pet-spider.pet-rhino.pet-ant.pet-snail,1
pet-gorilla.pet-bat.pet-lobster.pet-beetle,pet-mosquito.pet-fish.pet-rat.pet-cricket,0
pet-dog.pet-shrimp.pet-horse.pet-hippo,pet-horse.pet-lobster.pet-llama.pet-tyrannosaurus,2
pet-rabbit.pet-beetle.pet-ox.pet-skunk,pet-crab.pet-shrimp.pet-octopus.pet-none,0
pet-scorpion.pet-leopard.pet-skunk.pet-horse,pet-snail.pet-monkey.pet-camel.pet-squirrel,0
pet-tyrannosaurus.pet-ant.pet-tropical-fish.pet-snake,pet-bee.pet-turkey.pet-camel.pet-caterpillar,0
pet-turkey.pet-snail.pet-cow.pet-deer,pet-lobster.pet-bluebird.pet-sheep.pet-lobster,0
pet-butterfly.pet-crocodile.pet-ladybug.pet-monkey,pet-tropical-fish.pet-swan.pet-microbe.pet-turkey,0
pet-gorilla.pet-dragon.pet-bison.pet-snail,pet-blowfish.pet-bison.pet-worm.pet-shrimp,0
pet-leopard.pet-scorpion.pet-llama.pet-bluebird,pet-cat.pet-sauropod.pet-bee.pet-none,0
pet-goat.pet-pig.pet-snail.pet-ladybug,pet-cricket.pet-whale.pet-dolphin.pet-dolphin,1
pet-dolphin.pet-ox.pet-bat.pet-bluebird,pet-snail.pet-worm.pet-tiger.pet-blowfish,0
pet-giraffe.pet-puppy.pet-hatching-chick.pet-chicken,pet-skunk.pet-dolphin.pet-eagle.pet-ox,1
pet-leopard.pet-elephant.pet-snail.pet-flamingo,pet-dolphin.pet-elephant.pet-kangaroo.pet-duck,1
pet-bison.pet-llama.pet-dodo.pet-squirrel,pet-turtle.pet-ladybug.pet-whale.pet-mosquito,0
pet-leopard.pet-hippo.pet-rabbit.pet-camel,pet-seal.pet-dirty-rat.pet-mammoth.pet-turkey,0
pet-hatching-chick.pet-llama.pet-elephant.pet-mosquito,pet-dodo.pet-duck.pet-turkey.pet-dolphin,1
pet-duck.pet-swan.pet-mammoth.pet-leopard,pet-elephant.pet-sheep.pet-whale.pet-snake,1
pet-tyrannosaurus.pet-sloth.pet-giraffe.pet-ladybug,pet-worm.pet-cow.pet-snail.pet-turkey,1
pet-beaver.pet-tyrannosaurus.pet-owl.pet-sheep,pet-microbe.pet-fish.pet-pig.pet-horse,0
pet-monkey.pet-crab.pet-turtle.pet-monkey,pet-bat.pet-cricket.pet-rooster.pet-none,1
pet-beaver.pet-hippo.pet-caterpillar.pet-blowfish,pet-buffalo.pet-cow.pet-otter.pet-duck,0
pet-dog.pet-sheep.pet-sloth.pet-goat,pet-hedgehog.pet-cat.pet-rat.pet-microbe,0
pet-ladybug.pet-dodo.pet-tabby-cat.pet-sheep,pet-chicken.pet-bluebird.pet-dog.pet-beaver,0
pet-fly.pet-mosquito.pet-tiger.pet-dromedary,pet-whale.pet-sauropod.pet-blowfish.pet-snail,1
pet-snake.pet-ant.pet-octopus.pet-dodo,pet-spider.pet-blowfish.pet-turtle.pet-octopus,0
pet-dragon.pet-octopus.pet-rooster.pet-snail,pet-sloth.pet-beaver.pet-duck.pet-hedgehog,0
pet-turkey.pet-ox.pet-caterpillar.pet-worm,pet-poodle.pet-sloth.pet-skunk.pet-tabby-cat,0
pet-leopard.pet-sloth.pet-rhino.pet-monkey,pet-ladybug.pet-bison.pet-snail.pet-caterpillar,0
pet-skunk.pet-none.pet-seal.pet-hippo,pet-dirty-rat.pet-fly.pet-tropical-fish.pet-hippo,1
pet-skunk.pet-tyrannosaurus.pet-chicken.pet-cat,pet-hedgehog.pet-owl.pet-whale.pet-tiger,2
pet-badger.pet-dolphin.pet-boar.pet-deer,pet-whale.pet-squirrel.pet-boar.pet-kangaroo,2
pet-squirrel.pet-bluebird.pet-bluebird.pet-shrimp,pet-spider.pet-gorilla.pet-tropical-fish.pet-cat,1
pet-mammoth.pet-fish.pet-tiger.pet-poodle,pet-eagle.pet-tabby-cat.pet-goat.pet-lobster,1
pet-cow.pet-worm.pet-dirty-rat.pet-bee,pet-owl.pet-squirrel.pet-beetle.pet-tropical-fish,1
pet-flamingo.pet-horse.pet-parrot.pet-sauropod,pet-dromedary.pet-dirty-rat.pet-microbe.pet-ladybug,0
pet-tiger.pet-goat.pet-badger.pet-sloth,pet-otter.pet-snail.pet-blowfish.pet-bat,1
pet-caterpillar.pet-mosquito.pet-hedgehog.pet-dromedary,pet-snake.pet-microbe.pet-horse.pet-crocodile,1
pet-dog.pet-dromedary.pet-poodle.pet-dolphin,pet-swan.pet-eagle.pet-rooster.pet-cow,1
pet-hatching-chick.pet-lobster.pet-hippo.pet-kangaroo,pet-peacock.pet-puppy.pet-dog.pet-hedgehog,0
pet-mosquito.pet-snail.pet-shrimp.pet-owl,pet-goat.pet-none.pet-turtle.pet-fish,1
pet-dodo.pet-mammoth.pet-cricket.pet-rat,pet-dolphin.pet-cow.pet-sauropod.pet-puppy,1
pet-parrot.pet-eagle.pet-dragon.pet-cricket,pet-lobster.pet-horse.pet-rabbit.pet-tropical-fish,0
pet-bison.pet-tabby-cat.pet-worm.pet-mammoth,pet-chicken.pet-duck.pet-beetle.pet-llama,0
pet-ox.pet-mammoth.pet-poodle.pet-beaver,pet-octopus.pet-ant.pet-fly.pet-fish,1
pet-sheep.pet-boar.pet-tyrannosaurus.pet-turtle,pet-crab.pet-fly.pet-goat.pet-ladybug,1
pet-mammoth.pet-ox.pet-tabby-cat.pet-none,pet-butterfly.pet-crocodile.pet-squirrel.pet-parrot,1
pet-dromedary.pet-goat.pet-pig.pet-rhino,pet-scorpion.pet-duck.pet-puppy.pet-cat,0
pet-rhino.pet-snail.pet-skunk.pet-fly,pet-none.pet-cow.pet-chicken.pet-rhino,0
pet-penguin.pet-hippo.pet-hedgehog.pet-dragon,pet-otter.pet-chicken.pet-caterpillar.pet-spider,0
pet-giraffe.pet-microbe.pet-rooster.pet-mammoth,pet-snail.pet-kangaroo.pet-cricket.pet-rooster,1
pet-tiger.pet-rat.pet-dirty-rat.pet-tyrannosaurus,pet-whale.pet-rhino.pet-horse.pet-cat,1
pet-worm.pet-rabbit.pet-squirrel.pet-beaver,pet-buffalo.pet-fly.pet-dolphin.pet-cricket,1
pet-cat.pet-puppy.pet-elephant.pet-dirty-rat,pet-gorilla.pet-horse.pet-bluebird.pet-dog,1
pet-chicken.pet-worm.pet-whale.pet-flamingo,pet-seal.pet-penguin.pet-leopard.pet-rat,1
pet-badger.pet-bat.pet-eagle.pet-puppy,pet-spider.pet-microbe.pet-hippo.pet-puppy,0
pet-peacock.pet-seal.pet-turtle.pet-kangaroo,pet-rabbit.pet-crab.pet-dolphin.pet-skunk,0
pet-elephant.pet-rhino.pet-beetle.pet-bluebird,pet-penguin.pet-penguin.pet-spider.pet-caterpillar,0
pet-hatching-chick.pet-eagle.pet-eagle.pet-mosquito,pet-skunk.pet-boar.pet-dirty-rat.pet-flamingo,0
pet-fly.pet-tiger.pet-rhino.pet-spider,pet-lobster.pet-ox.pet-boar.pet-penguin,0
pet-goat.pet-ant.pet-dodo.pet-badger,pet-snake.pet-hippo.pet-swan.pet-badger,1
pet-rabbit.pet-bat.pet-rhino.pet-badger,pet-duck.pet-fly.pet-boar.pet-snail,1
pet-penguin.pet-hedgehog.pet-lobster.pet-rhino,pet-llama.pet-ant.pet-dromedary.pet-seal,2
pet-deer.pet-squirrel.pet-rabbit.pet-boar,pet-dog.pet-camel.pet-llama.pet-dragon,0
pet-bat.pet-shrimp.pet-mammoth.pet-horse,pet-rhino.pet-eagle.pet-puppy.pet-poodle,1
pet-poodle.pet-swan.pet-snail.pet-dromedary,pet-rabbit.pet-swan.pet-monkey.pet-llama,2
pet-camel.pet-bison.pet-turkey.pet-cat,pet-dodo.pet-buffalo.pet-mammoth.pet-whale,1
pet-crocodile.pet-duck.pet-ladybug.pet-kangaroo,pet-sloth.pet-parrot.pet-otter.pet-beaver,0
pet-ant.pet-monkey.pet-sloth.pet-peacock,pet-boar.pet-otter.pet-scorpion.pet-boar,1
pet-tyrannosaurus.pet-blowfish.pet-squirrel.pet-sauropod,pet-lobster.pet-otter.pet-kangaroo.pet-goat,0
pet-bee.pet-rat.pet-beetle.pet-mosquito,pet-butterfly.pet-horse.pet-peacock.pet-spider,0
pet-turtle.pet-pig.pet-butterfly.pet-parrot,pet-boar.pet-gorilla.pet-poodle.pet-otter,1
pet-dolphin.pet-buffalo.pet-eagle.pet-hatching-chick,pet-rooster.pet-swan.pet-swan.pet-parrot,0
pet-hedgehog.pet-otter.pet-scorpion.pet-mammoth,pet-rooster.pet-buffalo.pet-scorpion.pet-fish,0
pet-dirty-rat.pet-octopus.pet-lobster.pet-dolphin,pet-otter.pet-swan.pet-sheep.pet-tropical-fish,0
pet-cat.pet-caterpillar.pet-shrimp.pet-cow,pet-crocodile.pet-badger.pet-buffalo.pet-puppy,1
pet-ox.pet-goat.pet-deer.pet-scorpion,pet-puppy.pet-bison.pet-boar.pet-badger,0
pet-penguin.pet-dodo.pet-snail.pet-eagle,pet-dirty-rat.pet-lobster.pet-hatching-chick.pet-rhino,2
pet-snail.pet-crocodile.pet-swan.pet-beetle,pet-squirrel.pet-mammoth.pet-none.pet-snail,0
pet-lobster.pet-scorpion.pet-rooster.pet-snake,pet-mammoth.pet-snail.pet-bluebird.pet-horse,0
pet-beaver.pet-caterpillar.pet-crocodile.pet-scorpion,pet-worm.pet-gorilla.pet-dolphin.pet-dolphin,1
pet-dog.pet-swan.pet-beetle.pet-cat,pet-fly.pet-parrot.pet-tyrannosaurus.pet-gorilla,1
pet-bluebird.pet-caterpillar.pet-microbe.pet-skunk,pet-llama.pet-snake.pet-pig.pet-monkey,1
pet-octopus.pet-tyrannosaurus.pet-bee.pet-duck,pet-octopus.pet-tropical-fish.pet-snail.pet-rabbit,2
pet-bat.pet-mosquito.pet-shrimp.pet-butterfly,pet-hatching-chick.pet-dolphin.pet-none.pet-turtle,0
pet-puppy.pet-mammoth.pet-crocodile.pet-tropical-fish,pet-monkey.pet-hedgehog.pet-crocodile.pet-fish,0
pet-parrot.pet-rooster.pet-pig.pet-crocodile,pet-snake.pet-peacock.pet-none.pet-monkey,0
pet-turkey.pet-rabbit.pet-bee.pet-butterfly,pet-fish.pet-llama.pet-owl.pet-boar,1
pet-rooster.pet-llama.pet-buffalo.pet-kangaroo,pet-owl.pet-sheep.pet-mammoth.pet-lobster,1
pet-worm.pet-cat.pet-flamingo.pet-turtle,pet-goat.pet-owl.pet-shrimp.pet-llama,1
pet-caterpillar.pet-rat.pet-cow.pet-whale,pet-deer.pet-flamingo.pet-eagle.pet-dodo,1
pet-deer.pet-sheep.pet-rhino.pet-poodle,pet-flamingo.pet-chicken.pet-gorilla.pet-hedgehog,0
pet-camel.pet-lobster.pet-turkey.pet-rat,pet-worm.pet-worm.pet-beetle.pet-llama,0
pet-crocodile.pet-deer.pet-skunk.pet-cricket,pet-giraffe.pet-tropical-fish.pet-dragon.pet-cat,0
pet-turkey.pet-turkey.pet-scorpion.pet-sheep,pet-rabbit.pet-whale.pet-boar.pet-otter,0
pet-octopus.pet-goat.pet-dodo.pet-fish,pet-monkey.pet-whale.pet-flamingo.pet-bison,0
pet-beaver.pet-crab.pet-monkey.pet-rabbit,pet-mosquito.pet-fish.pet-buffalo.pet-tyrannosaurus,1
pet-sheep.pet-hippo.pet-bee.pet-dolphin,pet-rooster.pet-chicken.pet-beetle.pet-tyrannosaurus,0
pet-sloth.pet-microbe.pet-caterpillar.pet-swan,pet-dog.pet-otter.pet-flamingo.pet-blowfish,1
pet-none.pet-duck.pet-caterpillar.pet-spider,pet-spider.pet-swan.pet-poodle.pet-sheep,1
pet-microbe.pet-badger.pet-cat.pet-horse,pet-parrot.pet-penguin.pet-cat.pet-hedgehog,1
pet-monkey.pet-dragon.pet-lobster.pet-blowfish,pet-scorpion.pet-pig.pet-microbe.pet-elephant,0
pet-ladybug.pet-pig.pet-bison.pet-crocodile,pet-pig.pet-boar.pet-turtle.pet-bat,1
pet-leopard.pet-dodo.pet-rabbit.pet-dromedary,pet-whale.pet-llama.pet-spider.pet-deer,1
pet-buffalo.pet-tropical-fish.pet-rhino.pet-tyrannosaurus,pet-parrot.pet-ladybug.pet-crab.pet-hippo,0
pet-fish.pet-giraffe.pet-caterpillar.pet-tabby-cat,pet-spider.pet-tiger.pet-crocodile.pet-monkey,1
pet-giraffe.pet-rabbit.pet-ox.pet-octopus,pet-snake.pet-dromedary.pet-blowfish.pet-tropical-fish,0
